<?xml version="1.0" ?>

<patch xmlns="urn:jboss:patch:1.2" id="eap-715-jbeap-16108">
    <description>
        (7.1.6 patch) WFTC-52 - Narayana should be announced about subordinate transaction being finished
    </description>
    <no-upgrade name="JBoss EAP" version="7.1.5.GA"/>
    <element id="jbeap16108">
        <description>
            no description available
        </description>
        <no-upgrade name="base"/>
        <modules>
            <updated name="org.wildfly.transaction.client" hash="8f1180e9929b6253393465a386bb43db2c775769" new-hash="07ea9c2c64a68834072fa4fee2bbd23ffb68e48b"/>
        </modules>
    </element>
</patch>